n_estimators,max_depth,min_samples_leaf,min_samples_split,train_time_s,inference_time_ms,r2,rmse,mae,mape,status
50,10.0,1,2,14.780305862426758,32.97305107116699,0.9536841368672908,0.24814309351410307,0.17913605087730164,0.2176043197912733,OK
100,15.0,2,5,38.010295152664185,56.01811408996582,0.9503386666714106,0.2569487438788693,0.18106606137476444,0.21988470361947368,OK
150,20.0,2,5,67.9035873413086,65.27400016784668,0.9472705307199697,0.2647670955247757,0.18606224136765048,0.22590499708344847,OK
200,,1,2,112.9463791847229,109.39550399780273,0.9457395759269629,0.2685832365818908,0.18840124458059276,0.22875578252799703,OK
300,12.0,3,2,94.97632908821106,86.69042587280273,0.9534362862028586,0.24880615327572897,0.17757958272896512,0.21569095181579165,OK
